Workbook

Sheet Task Tracker
A1: IT Department — Cross-Team Task Tracker 2026
A2: Request ID | B2: Task ID | C2: Task Name | D2: Team | E2: Category | F2: Dept Tag | G2: Priority | H2: Status | I2: Phase | J2: Assignee | K2: Team Lead | L2: Created Date | M2: Deadline | N2: Completed Date | O2: Dependencies | P2: Notes
A3: 2275303 | B3: 9739429 | C3: [CR] [2275303] [SS] Enhance securities depository — Mobile UI | D3: Team Mobile | E3: CR | F3: SS | G3: High | H3: Overdue | I3: Q2 | J3: mobile_dev_1 | K3: phongvo@phs.vn | L3: 03/03/2026 | M3: 26/05/2026 | O3: 2275303 | P3: Waiting for MW API
A4: 2275303 | B4: 9956507 | C4: [CR] [2275303] [SS] Enhance securities depository — Web Admin | D4: Dev Team B | E4: CR | F4: SS | G4: High | H4: Done | I4: Q2 | J4: devb_dev_1 | K4: minhvo@phs.vn | L4: 14/04/2026 | M4: 04/05/2026 | N4: 05/05/2026 | O4: 2275303
A5: 2275303 | B5: 10090293 | C5: [CR] [2275303] [DTD] [No.1-2026] Enhance securities depository — Middleware API | D5: MW Team | E5: CR | F5: DTD | G5: High | H5: Doing | I5: Q2 | J5: mw_dev_1 | K5: huunguyen@phs.vn | L5: 12/05/2026 | P5: Upstream dependency for Mobile
A6: 2084592 | B6: 9739419 | C6: [CR] [2084592] [RMD] Special interest rate on FLEX — Mobile UI | D6: Team Mobile | E6: CR | F6: RMD | G6: Critical | H6: Overdue | I6: Q2 | J6: mobile_dev_2 | K6: phongvo@phs.vn | L6: 03/03/2026 | M6: 31/05/2026 | O6: 2084592 | P6: Blocked by 3rd-party FLEX
A7: 2084592 | B7: 9956972 | C7: [CR] [2084592] [RMD] Special interest rate — Web Portal | D7: Dev Team B | E7: CR | F7: RMD | G7: Critical | H7: Doing | I7: Q2 | J7: devb_dev_2 | K7: minhvo@phs.vn | L7: 14/04/2026 | O7: 2084592 | P7: Needs deadline
A8: 2084592 | B8: 10090209 | C8: [CR] [2084592] [RMD] [No.10-2025] Special interest rate — Middleware | D8: MW Team | E8: CR | F8: RMD | G8: Critical | H8: Doing | I8: Q2 | J8: mw_dev_2 | K8: huunguyen@phs.vn | L8: 12/05/2026 | P8: Carryover from 2025
A9: 2400155 | B9: 9953677 | C9: [CR] [2400155] [MKT] Mission Tracking Page — Mobile App | D9: Team Mobile | E9: CR | F9: MKT | G9: Medium | H9: Doing | I9: Q2 | J9: mobile_dev_3 | K9: phongvo@phs.vn | L9: 13/04/2026 | M9: 20/06/2026 | O9: 2400155
A10: 2400155 | B10: 9956961 | C10: [CR] [2400155] [MKT] Mission Tracking Page — Web Backend | D10: Dev Team B | E10: CR | F10: MKT | G10: Medium | H10: Doing | I10: Q2 | J10: devb_dev_1 | K10: minhvo@phs.vn | L10: 14/04/2026 | O10: 2400155 | P10: Needs deadline
A11: 2149046 | B11: 9739414 | C11: [CR] [2149046] [IT] EKYC | D11: Team Mobile | E11: CR | F11: IT | G11: Critical | H11: Overdue | I11: Q2 | J11: mobile_dev_1 | K11: phongvo@phs.vn | L11: 03/03/2026 | M11: 22/05/2026 | P11: EKYC vendor dependency
A12: 2329940 | B12: 9739428 | C12: [CR] [2329940] [RS] AI Chatbot Integration | D12: Team Mobile | E12: CR | F12: RS | G12: High | H12: Overdue | I12: Q2 | J12: TBD | K12: phongvo@phs.vn | L12: 03/03/2026 | M12: 22/05/2026 | P12: Depends on RS team API
A13: 2238356 | B13: 9739415 | C13: [CR] [2238356] [MSD] ADVANCE MARGIN FOR DERIVATIVES | D13: Team Mobile | E13: CR | F13: MSD | G13: High | H13: Overdue | I13: Q2 | J13: TBD | K13: phongvo@phs.vn | L13: 03/03/2026 | M13: 29/05/2026
A14: 2222464 | B14: 10090302 | C14: [CR] [2222464] [RMD] [No.09-2025] Add sign-in method | D14: MW Team | E14: CR | F14: RMD | G14: Medium | H14: Done | I14: Q2 | J14: mw_dev_1 | K14: huunguyen@phs.vn | L14: 12/05/2026 | N14: 13/05/2026
A15: 2397922 | B15: 9953690 | C15: [CR] [2397922] Enhance filter for Elite Fund | D15: Team Mobile | E15: CR | G15: Low | H15: Todo | I15: Backlog | J15: TBD | K15: phongvo@phs.vn | L15: 13/04/2026 | P15: Needs priority & deadline
A16: 1954732 | B16: 10058431 | C16: [CR] [1954732] [HR] HR report automation | D16: Dev Team B | E16: CR | F16: HR | G16: Low | H16: Todo | I16: Backlog | J16: TBD | K16: minhvo@phs.vn | L16: 06/05/2026
A17: 2289280 | B17: 10090283 | C17: [CR] [2289280] [FN] [No.01-2026] Future-Dated Withdrawal Scheduling | D17: MW Team | E17: CR | F17: FN | G17: Medium | H17: Todo | I17: Backlog | J17: TBD | K17: huunguyen@phs.vn | L17: 12/05/2026

Sheet Team Config
A1: Team Name | B1: Team Lead | C1: Lead Email | D1: Members Count
A2: Team Mobile | B2: Phong Vo | C2: phongvo@phs.vn
A3: Dev Team B | B3: Minh Vo | C3: minhvo@phs.vn
A4: MW Team | B4: Huu Nguyen | C4: huunguyen@phs.vn

Sheet Naming Convention
A1: Task Naming Convention Guide
A2: Pattern | B2: Example | C2: Description | D2: Field Mapping
A3: [CR] [request-id] [dept] Title | B3: [CR] [2329940] [RS] AI Chatbot Integration | C3: Standard CR task — request-id is the ID from the base request platform | D3: Request ID → column A
A4: [CR] [request-id] [dept] [No.XX-YYYY] Title | B4: [CR] [2084592] [RMD] [No.10-2025] Calculate interest | C4: MW Team format with internal sequence number and year | D4: No.XX-YYYY tracks internal ordering
A5: [SDK] [request-id] Title | B5: [SDK] [2400512] Upgrade iOS and Android SDKs | C5: SDK upgrade tasks | D5: Category = SDK
A6: [dept] Title (no CR) | B6: [MKT] Update Logo PHS 20 years anniversary | C6: Internal task without CR number | D6: Category = Internal
A8: Mandatory Fields & Rules
A9: 1. Every task MUST have: Request ID, Task Name, Team, Status, Assignee, Team Lead, Created Date, Deadline.
A10: 2. Backlog tasks: Status = "Todo", Phase = "Backlog". Must be groomed with deadline before moving to "Doing".
A11: 3. Request ID is the unique identifier from the base request platform — use it to detect duplicates across teams.
A12: 4. If the same CR spans multiple teams, create ONE row per team with the SAME Request ID. Use Dependencies column to link them.
A13: 5. Status flow: Todo → Doing → Done | Todo → Doing → Overdue → Done | Any → Blocked (explain in Notes).
A14: 6. Multi-team CRs: When a CR spans multiple teams, append the team scope to the task name: [CR] [request-id] [dept] Title — Scope (e.g., "— Mobile UI", "— Middleware API", "— Web Admin"). Use the SAME Request ID across all rows.
A15: 7. CR Overview sheet: For every multi-team CR, maintain ONE row in the CR Overview sheet summarizing all teams’ statuses. Update the Overall Status whenever any team’s status changes.

Sheet Dashboard Summary
A1: Auto-calculated Dashboard (COUNTIFS from Task Tracker)
A3: Team | B3: Total | C3: Todo | D3: Doing | E3: Done | F3: Overdue | G3: Blocked
A4: Team Mobile | B4: =COUNTIF('Task Tracker'!D:D,"Team Mobile") | C4: =COUNTIFS('Task Tracker'!D:D,"Team Mobile",'Task Tracker'!H:H,"Todo") | D4: =COUNTIFS('Task Tracker'!D:D,"Team Mobile",'Task Tracker'!H:H,"Doing") | E4: =COUNTIFS('Task Tracker'!D:D,"Team Mobile",'Task Tracker'!H:H,"Done") | F4: =COUNTIFS('Task Tracker'!D:D,"Team Mobile",'Task Tracker'!H:H,"Overdue") | G4: =COUNTIFS('Task Tracker'!D:D,"Team Mobile",'Task Tracker'!H:H,"Blocked")
A5: Dev Team B | B5: =COUNTIF('Task Tracker'!D:D,"Dev Team B") | C5: =COUNTIFS('Task Tracker'!D:D,"Dev Team B",'Task Tracker'!H:H,"Todo") | D5: =COUNTIFS('Task Tracker'!D:D,"Dev Team B",'Task Tracker'!H:H,"Doing") | E5: =COUNTIFS('Task Tracker'!D:D,"Dev Team B",'Task Tracker'!H:H,"Done") | F5: =COUNTIFS('Task Tracker'!D:D,"Dev Team B",'Task Tracker'!H:H,"Overdue") | G5: =COUNTIFS('Task Tracker'!D:D,"Dev Team B",'Task Tracker'!H:H,"Blocked")
A6: MW Team | B6: =COUNTIF('Task Tracker'!D:D,"MW Team") | C6: =COUNTIFS('Task Tracker'!D:D,"MW Team",'Task Tracker'!H:H,"Todo") | D6: =COUNTIFS('Task Tracker'!D:D,"MW Team",'Task Tracker'!H:H,"Doing") | E6: =COUNTIFS('Task Tracker'!D:D,"MW Team",'Task Tracker'!H:H,"Done") | F6: =COUNTIFS('Task Tracker'!D:D,"MW Team",'Task Tracker'!H:H,"Overdue") | G6: =COUNTIFS('Task Tracker'!D:D,"MW Team",'Task Tracker'!H:H,"Blocked")
A7: TOTAL | B7: =SUM(B4:B6) | C7: =SUM(C4:C6) | D7: =SUM(D4:D6) | E7: =SUM(E4:E6) | F7: =SUM(F4:F6) | G7: =SUM(G4:G6)
A9: Breakdown by Phase
A10: Team | B10: Q1 | C10: Q2 | D10: Q3 | E10: Q4 | F10: Backlog | G10: Total
A11: Team Mobile | B11: =COUNTIFS('Task Tracker'!D:D,"Team Mobile",'Task Tracker'!I:I,"Q1") | C11: =COUNTIFS('Task Tracker'!D:D,"Team Mobile",'Task Tracker'!I:I,"Q2") | D11: =COUNTIFS('Task Tracker'!D:D,"Team Mobile",'Task Tracker'!I:I,"Q3") | E11: =COUNTIFS('Task Tracker'!D:D,"Team Mobile",'Task Tracker'!I:I,"Q4") | F11: =COUNTIFS('Task Tracker'!D:D,"Team Mobile",'Task Tracker'!I:I,"Backlog") | G11: =SUM(B11:F11)
A12: Dev Team B | B12: =COUNTIFS('Task Tracker'!D:D,"Dev Team B",'Task Tracker'!I:I,"Q1") | C12: =COUNTIFS('Task Tracker'!D:D,"Dev Team B",'Task Tracker'!I:I,"Q2") | D12: =COUNTIFS('Task Tracker'!D:D,"Dev Team B",'Task Tracker'!I:I,"Q3") | E12: =COUNTIFS('Task Tracker'!D:D,"Dev Team B",'Task Tracker'!I:I,"Q4") | F12: =COUNTIFS('Task Tracker'!D:D,"Dev Team B",'Task Tracker'!I:I,"Backlog") | G12: =SUM(B12:F12)
A13: MW Team | B13: =COUNTIFS('Task Tracker'!D:D,"MW Team",'Task Tracker'!I:I,"Q1") | C13: =COUNTIFS('Task Tracker'!D:D,"MW Team",'Task Tracker'!I:I,"Q2") | D13: =COUNTIFS('Task Tracker'!D:D,"MW Team",'Task Tracker'!I:I,"Q3") | E13: =COUNTIFS('Task Tracker'!D:D,"MW Team",'Task Tracker'!I:I,"Q4") | F13: =COUNTIFS('Task Tracker'!D:D,"MW Team",'Task Tracker'!I:I,"Backlog") | G13: =SUM(B13:F13)

Sheet CR Overview
A1: CR Overview — Cross-Team Change Request Tracking
A2: Each row = one unique CR. Shows which teams are involved, per-team status, and overall CR health. Manually maintained — reference Task Tracker for source data.
A3: Request ID | B3: CR Title | C3: Dept | D3: Priority | E3: Teams Involved | F3: Mobile Status | G3: Dev B Status | H3: MW Status | I3: Overall Status | J3: Blockers / Notes
A4: 2275303 | B4: Enhance securities depository features via PHS Elite Trading | C4: SS | D4: High | E4: 3 teams | F4: Overdue | G4: Done | H4: Doing | I4: In Progress | J4: Mobile blocked waiting for MW API. Dev B completed web admin portion.
A5: 2084592 | B5: Calculate interest for accounts using special interest rate products | C5: RMD | D5: Critical | E5: 3 teams | F5: Overdue | G5: Doing | H5: Doing | I5: Overdue | J5: Mobile overdue (FLEX 3rd-party dependency). MW carryover from 2025. Dev B needs deadline.
A6: 2400155 | B6: Develop Mission Tracking Page for Promotion | C6: MKT | D6: Medium | E6: 2 teams | F6: Doing | G6: Doing | H6: — | I6: In Progress | J6: Dev B row missing deadline. Mobile targeting 20/06.
A7: 2283752 | B7: Send Notification via Elite App and mail all right issue | C7: SS | D7: Medium | E7: 2 teams | F7: Doing | G7: — | H7: Doing | I7: In Progress | J7: Mobile + MW. No deadline set on either side.
A8: 2335404 | B8: Upgrade the automatic limit adjustment feature | C8: RMD | D8: Medium | E8: 2 teams | F8: Doing | G8: Doing | H8: — | I8: In Progress | J8: Mobile (CRs in Coding) + Dev B (Customer Portal Admin).
A9: 2216483 | B9: Loyalty Customer System on Mobile App | C9: MSD | D9: Medium | E9: 2 teams | F9: Done | G9: — | H9: Doing | I9: In Progress | J9: Mobile completed. MW still implementing backend.
A10: 2149046 | B10: EKYC | C10: IT | D10: Critical | E10: 1 team | F10: Overdue | G10: — | H10: — | I10: Overdue | J10: Blocked by EKYC vendor. Mobile only.
A11: 2329940 | B11: AI Chatbot Integration for Elite Mobile App & Xpro Web Trading | C11: RS | D11: High | E11: 1 team | F11: Overdue | G11: — | H11: — | I11: Overdue | J11: Depends on RS team API. Assignee TBD.
A12: 2238356 | B12: ADVANCE MARGIN FOR DERIVATIVES | C12: MSD | D12: High | E12: 1 team | F12: Overdue | G12: — | H12: — | I12: Overdue | J12: Mobile only. 3rd-party dependency.
A13: 2403987 | B13: Loyalty System - Phase 1 | C13: SS | D13: Medium | E13: 1 team | F13: — | G13: Doing | H13: — | I13: In Progress | J13: Dev B only. Deadline Nov 2026.
A14: 2222464 | B14: Add sign-in method | C14: RMD | D14: Medium | E14: 2 teams | F14: Done | G14: — | H14: Done | I14: Done | J14: Mobile Q1 done. MW completed 13/05.
A15: 2443571 | B15: Restrict using PHS email for securities transactions | C15: SS | D15: Medium | E15: 1 team | F15: — | G15: — | H15: Doing | I15: In Progress | J15: MW only.
A17: Summary
A18: Total unique CRs: | B18: =COUNTA(A4:A16)
A19: Multi-team CRs: | B19: =COUNTIF(E4:E16,"2 teams")+COUNTIF(E4:E16,"3 teams")
A20: CRs with Overdue status: | B20: =COUNTIF(I4:I16,"Overdue")
A21: CRs fully Done: | B21: =COUNTIF(I4:I16,"Done")
A22: CRs Blocked: | B22: =COUNTIF(I4:I16,"Blocked")
